Year,ISO3,ADM0_EN,ADM0_FR,ADM0_PCODE,ADM1_FR,ADM1_EN,ADM1_PCODE,ADM2_FR,ADM2_EN,ADM2_PCODE,F_TL,M_TL,T_TL,F_00_04,F_05_09,F_10_14,F_15_19,F_20_24,F_25_29,F_30_34,F_35_39,F_40_44,F_45_49,F_50_54,F_55_59,F_60_64,F_65_69,F_70_74,F_75_79,F_80Plus,M_00_04,M_05_09,M_10_14,M_15_19,M_20_24,M_25_29,M_30_34,M_35_39,M_40_44,M_45_49,M_50_54,M_55_59,M_60_64,M_65_69,M_70_74,M_75_79,M_80Plus,T_00_04,T_05_09,T_10_14,T_15_19,T_20_24,T_25_29,T_30_34,T_35_39,T_40_44,T_45_49,T_50_54,T_55_59,T_60_64,T_65_69,T_70_74,T_75_79,T_80Plus
2024,HTI,Haiti,Haïti,HT,Artibonite,Artibonite,HT05,Anse Rouge,Anse Rouge,HT0523,24400,23268,47668,2442,2725,2872,2388,2298,1934,1743,1708,1360,1094,1099,822,720,495,330,200,170,2540,2795,2998,2613,2274,1721,1745,1714,1055,864,732,559,543,490,311,154,160,4982,5520,5870,5001,4572,3655,3488,3422,2415,1958,1831,1381,1263,985,641,354,330
2024,HTI,Haiti,Haïti,HT,Artibonite,Artibonite,HT05,Desdunes,Desdunes,HT0544,19005,18597,37602,2078,1748,1608,1636,1780,1565,1535,1283,1305,995,946,805,673,525,274,135,114,2187,1864,1849,1857,1935,1769,1848,1422,890,575,593,469,481,497,204,96,61,4265,3612,3457,3493,3715,3334,3383,2705,2195,1570,1539,1274,1154,1022,478,231,175
2024,HTI,Haiti,Haïti,HT,Artibonite,Artibonite,HT05,Dessalines,Dessalines,HT0541,93965,91422,185387,11867,10293,8836,7818,8290,7454,7098,6437,5302,4792,4187,3674,2796,2280,1446,715,680,11724,10872,9721,8981,8000,7646,7789,6603,4250,3415,3171,2714,2391,1855,1181,640,469,23591,21165,18557,16799,16290,15100,14887,13040,9552,8207,7358,6388,5187,4135,2627,1355,1149
2024,HTI,Haiti,Haïti,HT,Artibonite,Artibonite,HT05,Ennery,Ennery,HT0512,26574,25955,52529,3219,3045,2671,2421,2275,2077,1870,1969,1434,1205,1097,1028,794,647,356,255,211,3011,2995,2907,2612,2157,1854,1921,1905,1238,1104,1000,901,797,671,392,267,223,6230,6040,5578,5033,4432,3931,3791,3874,2672,2309,2097,1929,1591,1318,748,522,434
2024,HTI,Haiti,Haïti,HT,Artibonite,Artibonite,HT05,Gonaïves,Gonaives,HT0511,191139,174912,366051,18738,18492,19861,23621,23600,18476,15556,12316,9153,8067,6500,5264,4421,3240,1842,1041,951,19033,17857,18794,21863,23393,18478,15205,11617,7212,5291,4308,3506,3077,2427,1443,752,656,37771,36349,38655,45484,46993,36954,30761,23933,16365,13358,10808,8770,7498,5667,3285,1793,1607
2024,HTI,Haiti,Haïti,HT,Artibonite,Artibonite,HT05,Grande Saline,Grande Saline,HT0543,11415,12183,23598,1180,1060,808,819,1103,1028,969,913,767,639,549,486,425,331,203,82,53,1321,1209,951,1114,1242,1055,1245,1089,690,542,418,320,355,315,187,94,36,2501,2269,1759,1933,2345,2083,2214,2002,1457,1181,967,806,780,646,390,176,89
2024,HTI,Haiti,Haïti,HT,Artibonite,Artibonite,HT05,Gros Morne,Gros Morne,HT0521,83274,79534,162808,9001,9618,8764,7773,6934,5582,5383,5887,4624,4442,3711,3400,2683,2373,1519,825,755,8770,9952,9519,8872,7044,5441,5082,4988,3789,3148,2944,2778,2456,2050,1363,754,584,17771,19570,18283,16645,13978,11023,10465,10875,8413,7590,6655,6178,5139,4423,2882,1579,1339
2024,HTI,Haiti,Haïti,HT,Artibonite,Artibonite,HT05,L'Estère,L'Estere,HT0513,22878,21924,44802,2423,2474,2154,2191,2186,1962,1930,1614,1324,1123,1039,850,651,457,237,131,132,2751,2444,2296,2253,2158,2011,1796,1673,1048,785,708,593,528,435,241,111,93,5174,4918,4450,4444,4344,3973,3726,3287,2372,1908,1747,1443,1179,892,478,242,225
2024,HTI,Haiti,Haïti,HT,Artibonite,Artibonite,HT05,La Chapelle,La Chapelle,HT0533,16396,16213,32609,2237,1911,1634,1267,1318,1218,1284,1022,850,735,660,640,555,528,248,158,131,2008,2050,1842,1586,1379,1368,1425,991,710,616,522,474,399,387,241,126,89,4245,3961,3476,2853,2697,2586,2709,2013,1560,1351,1182,1114,954,915,489,284,220
2024,HTI,Haiti,Haïti,HT,Artibonite,Artibonite,HT05,Marmelade,Marmelade,HT0552,20040,19619,39659,2412,2331,2087,1993,1609,1357,1290,1367,1113,1049,837,690,643,545,384,204,129,2463,2541,2311,1976,1735,1409,1292,1373,899,787,717,512,521,433,330,195,125,4875,4872,4398,3969,3344,2766,2582,2740,2012,1836,1554,1202,1164,978,714,399,254
2024,HTI,Haiti,Haïti,HT,Artibonite,Artibonite,HT05,Petite Rivière de l'Artibonite,Petite Riviere de l'Artibonite,HT0542,83381,82113,165494,9135,8901,8055,7260,7538,6481,6689,5401,5108,4424,3812,3165,2920,2027,1278,632,555,9875,9220,8944,8356,8044,7138,6836,5782,3752,3282,2593,2384,2271,1684,1013,525,414,19010,18121,16999,15616,15582,13619,13525,11183,8860,7706,6405,5549,5191,3711,2291,1157,969
2024,HTI,Haiti,Haïti,HT,Artibonite,Artibonite,HT05,Saint-Marc,Saint-Marc,HT0531,146205,135372,281577,14828,14172,15292,17633,16436,13763,11597,9727,7707,6003,5236,4022,3679,2792,1618,860,840,15164,14248,14047,16434,17016,13687,11730,9049,5952,4020,3575,3071,2652,2131,1301,694,601,29992,28420,29339,34067,33452,27450,23327,18776,13659,10023,8811,7093,6331,4923,2919,1554,1441
2024,HTI,Haiti,Haïti,HT,Artibonite,Artibonite,HT05,Saint-Michel de l'Attalaye,Saint-Michel de l'Attalaye,HT0551,79732,74883,154615,10240,9725,8523,7552,6750,6215,5667,5231,3937,3488,2992,2688,2436,1847,1165,669,607,10011,9768,8790,7581,5931,5506,5619,5300,3427,2680,2467,2109,2078,1603,1064,522,427,20251,19493,17313,15133,12681,11721,11286,10531,7364,6168,5459,4797,4514,3450,2229,1191,1034
2024,HTI,Haiti,Haïti,HT,Artibonite,Artibonite,HT05,Terre Neuve,Terre Neuve,HT0522,16626,16158,32784,2094,2014,1827,1451,1234,1122,924,1165,874,853,723,703,568,498,267,174,135,2167,2043,2049,1650,1094,962,908,940,750,671,746,609,546,488,267,155,113,4261,4057,3876,3101,2328,2084,1832,2105,1624,1524,1469,1312,1114,986,534,329,248
2024,HTI,Haiti,Haïti,HT,Artibonite,Artibonite,HT05,Verrettes,Verrettes,HT0532,74810,71675,146485,7583,7789,7746,6937,6787,5741,6123,5412,4209,3775,3295,2841,2405,1890,1136,560,581,7966,8346,8271,7621,7277,5946,6142,5005,3344,2472,2138,2163,1753,1454,903,475,399,15549,16135,16017,14558,14064,11687,12265,10417,7553,6247,5433,5004,4158,3344,2039,1035,980
2024,HTI,Haiti,Haïti,HT,Centre,Centre,HT06,Belladère,Belladere,HT0632,61630,61437,123067,9552,7589,6995,6535,6506,5760,4025,3293,2412,2030,1831,1489,1330,967,617,361,338,9533,7650,6693,6482,6692,6167,4838,3650,2052,1554,1417,1301,1135,964,643,341,325,19085,15239,13688,13017,13198,11927,8863,6943,4464,3584,3248,2790,2465,1931,1260,702,663
2024,HTI,Haiti,Haïti,HT,Centre,Centre,HT06,Boucan Carré,Boucan Carre,HT0623,39764,39941,79705,5755,4992,4517,4011,3689,3683,2667,2221,1773,1471,1398,1051,883,706,474,248,225,5745,5197,4749,4412,3914,3449,3000,2269,1508,1179,1094,897,825,759,451,269,224,11500,10189,9266,8423,7603,7132,5667,4490,3281,2650,2492,1948,1708,1465,925,517,449
2024,HTI,Haiti,Haïti,HT,Centre,Centre,HT06,Cerca Carvajal,Cerca Carvajal,HT0614,16214,15560,31774,2458,2133,1915,1852,1690,1502,946,797,615,487,479,485,294,251,145,84,81,2367,2127,1961,1866,1556,1546,1032,748,440,358,367,368,276,226,144,107,71,4825,4260,3876,3718,3246,3048,1978,1545,1055,845,846,853,570,477,289,191,152
2024,HTI,Haiti,Haïti,HT,Centre,Centre,HT06,Cerca La Source,Cerca La Source,HT0641,36790,36251,73041,5846,5136,4047,4117,4113,3485,2438,1873,1329,1017,900,780,611,504,268,166,160,5991,5230,4194,3994,3512,3376,2698,1991,1258,858,846,607,597,495,295,170,139,11837,10366,8241,8111,7625,6861,5136,3864,2587,1875,1746,1387,1208,999,563,336,299
2024,HTI,Haiti,Haïti,HT,Centre,Centre,HT06,Hinche,Hinche,HT0611,82587,80550,163137,11079,9889,9270,9829,9503,7987,5762,4383,3126,2511,2361,2137,1704,1363,793,472,418,11008,10021,9317,9516,9575,8111,5889,4569,2722,1819,1784,1742,1561,1276,796,454,390,22087,19910,18587,19345,19078,16098,11651,8952,5848,4330,4145,3879,3265,2639,1589,926,808
2024,HTI,Haiti,Haïti,HT,Centre,Centre,HT06,Lascahobas,Lascahobas,HT0631,33027,32171,65198,4747,4020,3906,3665,3619,2831,2191,1786,1286,1069,954,902,737,550,383,183,198,4639,3926,3815,3751,3468,2876,2320,1844,1199,885,753,746,660,574,350,201,164,9386,7946,7721,7416,7087,5707,4511,3630,2485,1954,1707,1648,1397,1124,733,384,362
2024,HTI,Haiti,Haïti,HT,Centre,Centre,HT06,Maïssade,Maissade,HT0612,39199,39378,78577,5465,5059,4681,4076,3779,3812,2835,2301,1420,1259,1074,1071,818,697,372,302,178,5232,5176,4944,4511,4017,3855,2878,2552,1344,964,910,814,759,635,378,249,160,10697,10235,9625,8587,7796,7667,5713,4853,2764,2223,1984,1885,1577,1332,750,551,338
2024,HTI,Haiti,Haïti,HT,Centre,Centre,HT06,Mirebalais,Mirebalais,HT0621,65539,64034,129573,8412,7183,6947,7614,7600,6025,4511,3558,2952,2345,2316,2107,1541,1043,711,348,326,8516,7117,6642,7789,8075,6102,4826,3644,2368,1713,1655,1616,1519,1158,695,352,247,16928,14300,13589,15403,15675,12127,9337,7202,5320,4058,3971,3723,3060,2201,1406,700,573
2024,HTI,Haiti,Haïti,HT,Centre,Centre,HT06,Saut d'Eau,Saut d'Eau,HT0622,25997,26392,52389,3445,3260,2828,2583,2541,2255,1970,1449,1197,997,860,827,691,509,313,159,113,3529,3373,3092,3017,2813,2402,1993,1467,1041,732,690,661,629,436,280,135,102,6974,6633,5920,5600,5354,4657,3963,2916,2238,1729,1550,1488,1320,945,593,294,215
2024,HTI,Haiti,Haïti,HT,Centre,Centre,HT06,Savanette,Savanette,HT0633,23639,23263,46902,3280,2731,2264,2400,2368,2281,1790,1530,1046,911,786,677,543,444,267,193,128,3302,2694,2265,2327,2438,2354,1936,1660,929,793,706,524,468,378,231,152,106,6582,5425,4529,4727,4806,4635,3726,3190,1975,1704,1492,1201,1011,822,498,345,234
2024,HTI,Haiti,Haïti,HT,Centre,Centre,HT06,Thomassique,Thomassique,HT0642,43450,41698,85148,6394,6118,5505,5049,4373,3704,2773,2194,1603,1301,1214,876,889,633,387,213,224,6483,6099,5577,4940,4048,3141,2827,2200,1367,947,1044,837,802,608,405,197,176,12877,12217,11082,9989,8421,6845,5600,4394,2970,2248,2258,1713,1691,1241,792,410,400
2024,HTI,Haiti,Haïti,HT,Centre,Centre,HT06,Thomonde,Thomonde,HT0613,42291,42861,85152,5894,5388,5173,4778,4025,3701,2895,2242,1563,1442,1431,1079,991,721,499,226,243,6375,5735,5477,4937,4113,3675,2775,2563,1454,1104,1145,1060,888,619,479,245,217,12269,11123,10650,9715,8138,7376,5670,4805,3017,2546,2576,2139,1879,1340,978,471,460
2024,HTI,Haiti,Haïti,HT,Grande'Anse,Grande'Anse,HT08,Abricots,Abricots,HT0812,24036,23434,47470,3638,2892,2811,2458,2040,1932,1643,1238,922,718,737,669,739,608,458,277,256,3534,3004,2804,2507,1957,1704,1661,1460,905,661,621,555,612,536,409,304,200,7172,5896,5615,4965,3997,3636,3304,2698,1827,1379,1358,1224,1351,1144,867,581,456
2024,HTI,Haiti,Haïti,HT,Grande'Anse,Grande'Anse,HT08,Anse d'Hainault,Anse d'Hainault,HT0821,24890,24209,49099,3777,2875,2806,2674,2505,2170,1771,1383,960,693,689,582,687,435,393,203,287,3790,2978,2681,2529,2458,1961,1953,1517,947,695,549,458,555,409,338,199,192,7567,5853,5487,5203,4963,4131,3724,2900,1907,1388,1238,1040,1242,844,731,402,479
2024,HTI,Haiti,Haïti,HT,Grande'Anse,Grande'Anse,HT08,Beaumont,Beaumont,HT0833,18161,17219,35380,2320,1973,1836,1893,1656,1768,1370,1192,798,616,565,549,521,469,277,211,147,2263,1917,1719,1836,1594,1509,1514,1317,854,508,498,386,477,307,251,166,103,4583,3890,3555,3729,3250,3277,2884,2509,1652,1124,1063,935,998,776,528,377,250
2024,HTI,Haiti,Haïti,HT,Grande'Anse,Grande'Anse,HT08,Bonbon,Bonbon,HT0813,5312,5341,10653,770,618,586,495,469,463,344,239,185,179,185,180,205,158,93,83,60,775,626,599,546,509,360,378,280,186,167,157,153,176,183,116,73,57,1545,1244,1185,1041,978,823,722,519,371,346,342,333,381,341,209,156,117
2024,HTI,Haiti,Haïti,HT,Grande'Anse,Grande'Anse,HT08,Chambellan,Chambellan,HT0815,18425,16943,35368,2683,2175,2223,2152,1769,1434,1136,1009,686,657,514,513,481,379,267,183,164,2399,2089,2151,2004,1643,1178,1087,1029,618,568,458,428,450,346,228,141,126,5082,4264,4374,4156,3412,2612,2223,2038,1304,1225,972,941,931,725,495,324,290
2024,HTI,Haiti,Haïti,HT,Grande'Anse,Grande'Anse,HT08,Corail,Corail,HT0831,14412,13880,28292,2128,1696,1663,1425,1191,1072,876,824,604,489,456,452,438,395,322,209,172,2017,1639,1601,1480,1180,1068,1028,825,578,446,365,356,359,363,240,195,140,4145,3335,3264,2905,2371,2140,1904,1649,1182,935,821,808,797,758,562,404,312
2024,HTI,Haiti,Haïti,HT,Grande'Anse,Grande'Anse,HT08,Dame Marie,Dame Marie,HT0822,20918,20289,41207,2331,2239,2231,2324,2134,1828,1646,1387,808,709,675,650,683,545,336,197,195,2349,2259,2236,2248,2156,1714,1810,1360,850,639,576,515,563,454,254,167,139,4680,4498,4467,4572,4290,3542,3456,2747,1658,1348,1251,1165,1246,999,590,364,334
2024,HTI,Haiti,Haïti,HT,Grande'Anse,Grande'Anse,HT08,Jérémie,Jeremie,HT0811,79771,75528,155299,8999,8071,8397,9193,8435,7463,6628,4858,3171,2607,2400,2159,2238,2202,1353,784,813,8705,7633,7961,8572,7907,7439,6800,5298,3032,2249,1867,1683,1783,1799,1281,839,680,17704,15704,16358,17765,16342,14902,13428,10156,6203,4856,4267,3842,4021,4001,2634,1623,1493
2024,HTI,Haiti,Haïti,HT,Grande'Anse,Grande'Anse,HT08,Les Irois,Les Irois,HT0823,11966,12790,24756,1837,1538,1190,1008,1218,1086,920,745,513,337,338,285,357,230,154,94,116,1906,1626,1329,1232,1194,1133,1101,856,610,333,326,260,313,208,174,89,100,3743,3164,2519,2240,2412,2219,2021,1601,1123,670,664,545,670,438,328,183,216
2024,HTI,Haiti,Haïti,HT,Grande'Anse,Grande'Anse,HT08,Moron,Moron,HT0814,18558,18128,36686,2700,2151,2014,1959,1799,1389,1233,955,717,617,654,643,534,467,315,253,158,2584,2128,1984,1944,1751,1511,1297,1064,688,554,526,538,488,431,317,205,118,5284,4279,3998,3903,3550,2900,2530,2019,1405,1171,1180,1181,1022,898,632,458,276
2024,HTI,Haiti,Haïti,HT,Grande'Anse,Grande'Anse,HT08,Pestel,Pestel,HT0834,23905,24670,48575,3181,2866,2497,2120,1978,2167,1841,1525,973,844,763,755,674,613,516,325,267,3182,2835,2625,2359,2258,2223,2070,1891,1109,868,644,559,610,502,466,249,220,6363,5701,5122,4479,4236,4390,3911,3416,2082,1712,1407,1314,1284,1115,982,574,487
2024,HTI,Haiti,Haïti,HT,Grande'Anse,Grande'Anse,HT08,Roseaux,Roseaux,HT0832,20798,20791,41589,3039,2351,2004,1786,1583,1648,1358,1306,830,808,784,709,836,724,505,288,239,2877,2346,2177,1930,1588,1520,1656,1496,834,697,613,652,682,715,509,283,216,5916,4697,4181,3716,3171,3168,3014,2802,1664,1505,1397,1361,1518,1439,1014,571,455
2024,HTI,Haiti,Haïti,HT,Nippes,Nippes,HT10,Anse-à-Veau,Anse-a-Veau,HT1021,19076,18831,37907,2534,2139,1942,1855,1801,1596,1350,1157,866,749,593,578,550,568,324,229,245,2420,2189,2017,1940,1882,1495,1452,1371,812,646,536,463,487,429,310,200,182,4954,4328,3959,3795,3683,3091,2802,2528,1678,1395,1129,1041,1037,997,634,429,427
2024,HTI,Haiti,Haïti,HT,Nippes,Nippes,HT10,Arnaud,Arnaud,HT1024,11732,11747,23479,1585,1325,1227,1160,1093,968,817,701,527,454,359,346,334,343,198,141,154,1536,1371,1283,1225,1158,920,890,838,504,401,332,286,303,266,192,126,116,3121,2696,2510,2385,2251,1888,1707,1539,1031,855,691,632,637,609,390,267,270
2024,HTI,Haiti,Haïti,HT,Nippes,Nippes,HT10,Baradères,Baraderes,HT1031,22267,23355,45622,2932,2709,2470,2050,1820,1683,1477,1486,1085,982,770,639,719,569,425,227,224,3024,2753,2547,2272,1964,1770,1743,1676,1100,955,787,710,689,528,417,236,184,5956,5462,5017,4322,3784,3453,3220,3162,2185,1937,1557,1349,1408,1097,842,463,408
2024,HTI,Haiti,Haïti,HT,Nippes,Nippes,HT10,Fonds des Nègres,Fonds des Negres,HT1013,20048,18271,38319,2504,2136,2051,2104,2109,2012,1591,1219,885,680,564,517,487,467,323,201,198,2350,2012,1883,1832,1810,1740,1689,1385,853,575,445,388,398,358,257,155,141,4854,4148,3934,3936,3919,3752,3280,2604,1738,1255,1009,905,885,825,580,356,339
2024,HTI,Haiti,Haïti,HT,Nippes,Nippes,HT10,Grand-Boucan,Grand-Boucan,HT1032,3208,3252,6460,422,388,353,292,261,244,213,217,159,143,111,93,104,83,60,33,32,418,384,352,316,274,247,245,234,153,134,110,99,96,74,57,32,27,840,772,705,608,535,491,458,451,312,277,221,192,200,157,117,65,59
2024,HTI,Haiti,Haïti,HT,Nippes,Nippes,HT10,L'Asile,L'Asile,HT1023,23222,22668,45890,2801,2447,2473,2624,2327,1880,1619,1235,966,831,818,772,780,594,449,346,260,2695,2554,2551,2531,2315,1929,1743,1370,924,758,647,627,572,604,364,287,197,5496,5001,5024,5155,4642,3809,3362,2605,1890,1589,1465,1399,1352,1198,813,633,457
2024,HTI,Haiti,Haïti,HT,Nippes,Nippes,HT10,Miragoâne,Miragoane,HT1011,35861,34756,70617,4311,3721,3637,3859,3963,3880,3003,2199,1565,1137,974,860,810,737,568,330,307,4416,3716,3464,3415,3458,3592,3502,2719,1681,1050,788,690,695,633,446,259,232,8727,7437,7101,7274,7421,7472,6505,4918,3246,2187,1762,1550,1505,1370,1014,589,539
2024,HTI,Haiti,Haïti,HT,Nippes,Nippes,HT10,Paillant,Paillant,HT1014,10410,9234,19644,1261,1084,1063,1123,1144,1119,866,635,454,330,282,249,235,214,165,96,90,1184,991,931,914,912,945,918,715,445,279,209,183,186,169,119,71,63,2445,2075,1994,2037,2056,2064,1784,1350,899,609,491,432,421,383,284,167,153
2024,HTI,Haiti,Haïti,HT,Nippes,Nippes,HT10,Petit Trou de Nippes,Petit Trou de Nippes,HT1022,16425,17368,33793,2120,1932,1767,1574,1217,1232,1190,1062,774,668,597,544,562,476,315,200,195,2130,1913,1906,1810,1477,1237,1294,1251,870,673,593,528,520,422,340,234,170,4250,3845,3673,3384,2694,2469,2484,2313,1644,1341,1190,1072,1082,898,655,434,365
2024,HTI,Haiti,Haïti,HT,Nippes,Nippes,HT10,Petite Rivière de Nippes,Petite Riviere de Nippes,HT1012,17684,17259,34943,2228,2070,2056,1849,1612,1491,1288,1153,769,613,545,417,502,362,308,196,225,2175,2084,1933,1980,1535,1502,1404,1052,779,584,517,368,399,322,286,176,163,4403,4154,3989,3829,3147,2993,2692,2205,1548,1197,1062,785,901,684,594,372,388
2024,HTI,Haiti,Haïti,HT,Nippes,Nippes,HT10,Plaisance du Sud,Plaisance du Sud,HT1025,15828,16340,32168,2075,1871,1741,1541,1173,1175,1129,1005,736,630,564,514,533,447,300,197,197,2051,1807,1824,1722,1378,1154,1200,1157,809,627,548,488,485,395,315,219,161,4126,3678,3565,3263,2551,2329,2329,2162,1545,1257,1112,1002,1018,842,615,416,358
2024,HTI,Haiti,Haïti,HT,Nord,North,HT03,Acul du Nord,Acul du Nord,HT0321,29911,29721,59632,2981,2958,2807,2766,2622,2135,2275,2377,1859,1767,1385,1174,950,818,515,293,229,2951,3079,3036,3038,2653,2106,2476,2400,1754,1394,1185,1060,873,772,471,265,208,5932,6037,5843,5804,5275,4241,4751,4777,3613,3161,2570,2234,1823,1590,986,558,437
2024,HTI,Haiti,Haïti,HT,Nord,North,HT03,Bahon,Bahon,HT0332,12288,12246,24534,1396,1411,1230,1016,823,774,938,1005,797,684,571,432,461,323,215,118,94,1441,1365,1365,1167,843,806,944,953,774,626,475,386,440,328,183,86,64,2837,2776,2595,2183,1666,1580,1882,1958,1571,1310,1046,818,901,651,398,204,158
2024,HTI,Haiti,Haïti,HT,Nord,North,HT03,Bas Limbé,Bas Limbe,HT0362,11285,10767,22052,1129,1203,1187,1072,856,810,803,935,751,644,514,337,340,299,197,105,103,1123,1321,1297,1099,893,705,828,802,622,518,360,341,304,233,165,92,64,2252,2524,2484,2171,1749,1515,1631,1737,1373,1162,874,678,644,532,362,197,167
2024,HTI,Haiti,Haïti,HT,Nord,North,HT03,Borgne,Borgne,HT0351,36300,34465,70765,4639,4541,3550,2980,2733,2084,2484,2603,2484,2021,1694,1253,1100,867,616,339,312,4875,4577,4223,3453,2402,1798,2224,2291,1993,1670,1355,1049,903,607,516,293,236,9514,9118,7773,6433,5135,3882,4708,4894,4477,3691,3049,2302,2003,1474,1132,632,548
2024,HTI,Haiti,Haïti,HT,Nord,North,HT03,Cap-Haïtien,Cap-Haitien,HT0311,161011,142579,303590,14740,13827,16570,19154,18873,15018,15954,12420,9515,6831,5077,3936,3229,2539,1533,890,905,14320,13230,14202,16753,18761,14906,15894,12193,7452,4618,3170,2058,1779,1369,850,540,484,29060,27057,30772,35907,37634,29924,31848,24613,16967,11449,8247,5994,5008,3908,2383,1430,1389
2024,HTI,Haiti,Haïti,HT,Nord,North,HT03,Dondon,Dondon,HT0342,18108,18290,36398,1710,1956,1830,1504,1286,1130,1289,1593,1388,1216,790,732,595,487,273,200,129,1845,1924,2061,1728,1386,1218,1380,1619,1245,1007,746,578,549,454,281,177,92,3555,3880,3891,3232,2672,2348,2669,3212,2633,2223,1536,1310,1144,941,554,377,221
2024,HTI,Haiti,Haïti,HT,Nord,North,HT03,Grande Riviere Du Nord,Grande Riviere Du Nord,HT0331,22368,21448,43816,2138,2183,2067,2016,1830,1594,1796,1779,1512,1392,1042,905,773,574,353,209,205,2127,2196,2131,2067,1910,1634,1765,1690,1268,1133,850,773,695,555,324,190,140,4265,4379,4198,4083,3740,3228,3561,3469,2780,2525,1892,1678,1468,1129,677,399,345
2024,HTI,Haiti,Haïti,HT,Nord,North,HT03,La Victoire,La Victoire,HT0345,5641,5460,11101,706,705,593,494,455,368,431,418,341,292,214,156,181,115,87,41,44,689,689,610,548,444,367,450,400,285,244,232,123,147,98,70,31,33,1395,1394,1203,1042,899,735,881,818,626,536,446,279,328,213,157,72,77
2024,HTI,Haiti,Haïti,HT,Nord,North,HT03,Limbé,Limbe,HT0361,45614,44436,90050,4029,4338,4344,4504,4369,3404,3723,3684,3108,2526,2009,1504,1416,1037,762,450,407,4262,4701,4671,4550,4149,3631,3802,3563,2656,2062,1672,1295,1144,950,622,359,347,8291,9039,9015,9054,8518,7035,7525,7247,5764,4588,3681,2799,2560,1987,1384,809,754
2024,HTI,Haiti,Haïti,HT,Nord,North,HT03,Limonade,Limonade,HT0313,30672,30589,61261,3426,3250,3075,2946,2619,2092,2285,2421,1861,1697,1232,1035,937,742,491,286,277,3413,3480,3409,3335,2740,2109,2345,2307,1707,1493,981,842,793,776,389,252,218,6839,6730,6484,6281,5359,4201,4630,4728,3568,3190,2213,1877,1730,1518,880,538,495
2024,HTI,Haiti,Haïti,HT,Nord,North,HT03,Milot,Milot,HT0323,17103,17090,34193,1910,1865,1682,1665,1543,1241,1287,1194,1022,874,758,617,474,416,267,151,137,1842,1942,1783,1862,1730,1268,1493,1295,926,683,522,514,395,370,250,124,91,3752,3807,3465,3527,3273,2509,2780,2489,1948,1557,1280,1131,869,786,517,275,228
2024,HTI,Haiti,Haïti,HT,Nord,North,HT03,Pignon,Pignon,HT0344,23708,23098,46806,2651,2613,2625,2344,1726,1484,1836,1906,1460,1311,915,915,747,518,319,165,173,2749,2643,2695,2560,1902,1589,1605,1710,1214,1060,851,788,661,497,325,133,116,5400,5256,5320,4904,3628,3073,3441,3616,2674,2371,1766,1703,1408,1015,644,298,289
2024,HTI,Haiti,Haïti,HT,Nord,North,HT03,Pilate,Pilate,HT0372,31613,28922,60535,3739,3902,3290,2684,1992,1532,1980,2196,2061,1947,1462,1297,1199,1029,606,367,330,3759,3917,3615,2830,1562,1305,1578,1848,1783,1502,1253,1024,990,800,581,327,248,7498,7819,6905,5514,3554,2837,3558,4044,3844,3449,2715,2321,2189,1829,1187,694,578
2024,HTI,Haiti,Haïti,HT,Nord,North,HT03,Plaine du Nord,Plaine du Nord,HT0322,22624,21358,43982,2552,2453,2304,2098,1982,1613,1892,1674,1344,1146,1018,712,639,457,336,220,184,2479,2549,2360,2141,1870,1595,1871,1581,1183,865,763,633,550,357,279,142,140,5031,5002,4664,4239,3852,3208,3763,3255,2527,2011,1781,1345,1189,814,615,362,324
2024,HTI,Haiti,Haïti,HT,Nord,North,HT03,Plaisance,Plaisance,HT0371,39502,37427,76929,4589,4742,4208,3538,3093,2416,2674,2775,2489,2187,1778,1379,1234,973,694,419,314,4755,4706,4109,3599,2986,2300,2617,2576,2196,1679,1526,1206,1125,878,585,330,254,9344,9448,8317,7137,6079,4716,5291,5351,4685,3866,3304,2585,2359,1851,1279,749,568
2024,HTI,Haiti,Haïti,HT,Nord,North,HT03,Port-Margot,Port-Margot,HT0352,26715,26030,52745,2847,2980,2683,2257,2053,1568,2025,1947,1658,1502,1274,1026,902,838,531,302,322,2915,3116,3057,2600,1974,1545,1843,1879,1441,1224,993,856,780,780,464,297,266,5762,6096,5740,4857,4027,3113,3868,3826,3099,2726,2267,1882,1682,1618,995,599,588
2024,HTI,Haiti,Haïti,HT,Nord,North,HT03,Quartier Morin,Quartier Morin,HT0312,14744,15137,29881,1610,1421,1410,1418,1326,1177,1275,1130,875,766,604,459,392,349,237,146,149,1520,1492,1468,1619,1506,1307,1391,1284,851,674,494,438,308,351,214,134,86,3130,2913,2878,3037,2832,2484,2666,2414,1726,1440,1098,897,700,700,451,280,235
2024,HTI,Haiti,Haïti,HT,Nord,North,HT03,Ranquitte,Ranquitte,HT0343,14392,14864,29256,1672,1516,1546,1387,1139,978,1038,1278,851,803,606,542,338,340,168,95,95,1667,1581,1691,1646,1363,1166,1195,1149,871,674,500,426,377,250,154,88,66,3339,3097,3237,3033,2502,2144,2233,2427,1722,1477,1106,968,715,590,322,183,161
2024,HTI,Haiti,Haïti,HT,Nord,North,HT03,Saint-Raphaël,Saint-Raphael,HT0341,28404,28203,56607,3257,3216,2949,2448,1890,1836,2387,2381,1928,1467,1152,1014,954,668,424,229,204,3276,3298,3282,2967,2072,1753,2216,2460,1656,1318,957,857,804,595,392,156,144,6533,6514,6231,5415,3962,3589,4603,4841,3584,2785,2109,1871,1758,1263,816,385,348
2024,HTI,Haiti,Haïti,HT,Nord-Est,North-East,HT04,Capotille,Capotille,HT0422,10989,11570,22559,1503,1373,1081,1103,835,858,802,766,641,544,353,292,278,222,143,113,82,1450,1383,1194,1156,1076,893,1097,806,630,496,343,288,237,204,120,114,83,2953,2756,2275,2259,1911,1751,1899,1572,1271,1040,696,580,515,426,263,227,165
2024,HTI,Haiti,Haïti,HT,Nord-Est,North-East,HT04,Caracol,Caracol,HT0434,4277,4728,9005,418,472,439,413,408,328,367,320,270,182,147,129,144,104,59,38,39,451,580,470,492,438,381,405,385,296,168,177,129,117,94,65,41,39,869,1052,909,905,846,709,772,705,566,350,324,258,261,198,124,79,78
2024,HTI,Haiti,Haïti,HT,Nord-Est,North-East,HT04,Carice,Carice,HT0442,7889,7936,15825,934,976,934,584,505,489,588,687,543,372,324,241,238,230,119,68,57,955,1069,955,720,483,526,531,723,483,401,285,219,212,160,122,54,38,1889,2045,1889,1304,988,1015,1119,1410,1026,773,609,460,450,390,241,122,95
2024,HTI,Haiti,Haïti,HT,Nord-Est,North-East,HT04,Ferrier,Ferrier,HT0412,8310,8744,17054,768,1048,954,902,721,517,577,612,503,437,290,307,182,188,129,81,94,844,1014,1022,1002,879,670,640,662,431,381,286,239,199,211,121,62,81,1612,2062,1976,1904,1600,1187,1217,1274,934,818,576,546,381,399,250,143,175
2024,HTI,Haiti,Haïti,HT,Nord-Est,North-East,HT04,Fort-Liberté,Fort-Liberte,HT0411,20243,19886,40129,1816,1949,2279,2243,1989,1787,1722,1406,1186,864,729,670,498,415,323,182,185,2026,1963,2177,2227,2165,1736,1806,1530,1089,783,543,512,427,368,228,152,154,3842,3912,4456,4470,4154,3523,3528,2936,2275,1647,1272,1182,925,783,551,334,339
2024,HTI,Haiti,Haïti,HT,Nord-Est,North-East,HT04,Mombin Crochu,Mombin Crochu,HT0443,20276,20067,40343,2825,2559,2135,1592,1412,1578,1700,1617,1051,971,775,681,536,383,234,113,114,2574,2634,2376,1750,1309,1346,1706,1769,1119,818,685,627,560,343,218,151,82,5399,5193,4511,3342,2721,2924,3406,3386,2170,1789,1460,1308,1096,726,452,264,196
2024,HTI,Haiti,Haïti,HT,Nord-Est,North-East,HT04,Mont-Organisé,Mont-Organise,HT0423,12325,12357,24682,1323,1479,1428,1114,932,967,1023,919,757,655,424,442,339,225,150,84,64,1298,1416,1431,1270,1009,985,1045,1029,674,555,486,362,323,190,149,75,60,2621,2895,2859,2384,1941,1952,2068,1948,1431,1210,910,804,662,415,299,159,124
2024,HTI,Haiti,Haïti,HT,Nord-Est,North-East,HT04,Ouanaminthe,Ouanaminthe,HT0421,62163,61157,123320,7381,6620,6372,6764,6701,5539,5464,4545,3356,2580,1954,1362,1288,948,593,340,356,7380,6714,6329,6345,6366,5797,6184,4851,3291,2157,1715,1155,1019,803,485,276,290,14761,13334,12701,13109,13067,11336,11648,9396,6647,4737,3669,2517,2307,1751,1078,616,646
2024,HTI,Haiti,Haïti,HT,Nord-Est,North-East,HT04,Perches,Perches,HT0413,6736,6964,13700,676,735,701,658,651,548,562,444,414,318,276,215,209,139,105,42,43,732,748,715,674,664,561,659,533,443,258,255,208,209,181,68,24,32,1408,1483,1416,1332,1315,1109,1221,977,857,576,531,423,418,320,173,66,75
2024,HTI,Haiti,Haïti,HT,Nord-Est,North-East,HT04,Sainte Suzanne,Sainte Suzanne,HT0432,16014,16798,32812,1961,1947,1642,1327,1069,970,951,1303,1042,883,715,722,519,425,248,164,126,2006,2046,1936,1660,1083,973,970,1265,1017,924,715,683,498,467,293,149,113,3967,3993,3578,2987,2152,1943,1921,2568,2059,1807,1430,1405,1017,892,541,313,239
2024,HTI,Haiti,Haïti,HT,Nord-Est,North-East,HT04,Terrier Rouge,Terrier Rouge,HT0433,17547,17826,35373,1798,1861,1812,1816,1743,1229,1360,1051,922,842,751,679,545,520,267,187,164,1878,1843,1823,1921,1942,1507,1605,1202,865,618,593,611,410,432,278,162,136,3676,3704,3635,3737,3685,2736,2965,2253,1787,1460,1344,1290,955,952,545,349,300
2024,HTI,Haiti,Haïti,HT,Nord-Est,North-East,HT04,Trou du Nord,Trou du Nord,HT0431,29282,27930,57212,2995,3140,2932,3087,2923,2420,2402,2063,1593,1212,1260,852,891,656,421,213,222,3205,3299,2933,3059,2705,2078,2168,2215,1517,1038,936,734,748,559,387,196,153,6200,6439,5865,6146,5628,4498,4570,4278,3110,2250,2196,1586,1639,1215,808,409,375
2024,HTI,Haiti,Haïti,HT,Nord-Est,North-East,HT04,Vallières,Vallieres,HT0441,13264,14250,27514,1464,1482,1397,1226,1216,1059,1052,1001,819,664,493,400,341,290,189,80,91,1490,1439,1457,1412,1376,1258,1205,1192,865,690,498,399,374,253,185,79,78,2954,2921,2854,2638,2592,2317,2257,2193,1684,1354,991,799,715,543,374,159,169
2024,HTI,Haiti,Haïti,HT,Nord-Ouest,North-West,HT09,Anse-à-Foleur,Anse-a-Foleur,HT0922,16242,15417,31659,2083,2075,1667,1495,1207,1125,1066,1153,972,926,668,465,440,419,226,132,123,2108,2045,1884,1466,1190,1040,1186,1020,863,692,548,348,331,288,227,106,75,4191,4120,3551,2961,2397,2165,2252,2173,1835,1618,1216,813,771,707,453,238,198
2024,HTI,Haiti,Haïti,HT,Nord-Ouest,North-West,HT09,Baie de Henne,Baie de Henne,HT0932,14217,14371,28588,1787,1893,1559,1365,1346,938,989,1000,769,673,555,442,351,254,142,87,67,1866,2016,1790,1474,1195,1002,1022,1112,745,560,422,389,259,255,156,64,44,3653,3909,3349,2839,2541,1940,2011,2112,1514,1233,977,831,610,509,298,151,111
2024,HTI,Haiti,Haïti,HT,Nord-Ouest,North-West,HT09,Bassin Bleu,Bassin Bleu,HT0913,33808,31861,65669,4092,3972,3503,3019,2861,2251,2709,2422,2139,1610,1307,1059,1066,811,486,261,240,4298,3944,3654,3758,2291,2050,2219,2289,1848,1253,1113,860,833,619,402,229,201,8390,7916,7157,6777,5152,4301,4928,4711,3987,2863,2420,1919,1899,1430,888,490,441
2024,HTI,Haiti,Haïti,HT,Nord-Ouest,North-West,HT09,Bombardopolis,Bombardopolis,HT0933,18888,18980,37868,2113,2192,2274,1797,1541,1153,1322,1290,1150,983,754,805,517,430,268,146,153,2131,2373,2372,2022,1683,1454,1476,1345,862,726,598,570,505,380,229,150,104,4244,4565,4646,3819,3224,2607,2798,2635,2012,1709,1352,1375,1022,810,497,296,257
2024,HTI,Haiti,Haïti,HT,Nord-Ouest,North-West,HT09,Chamsolme,Chamsolme,HT0914,16256,15281,31537,2303,1829,1738,1371,1442,1146,1169,1125,898,815,623,438,498,393,222,150,96,2205,2135,1866,1419,1258,1097,1116,1080,828,568,404,374,350,269,136,102,74,4508,3964,3604,2790,2700,2243,2285,2205,1726,1383,1027,812,848,662,358,252,170
2024,HTI,Haiti,Haïti,HT,Nord-Ouest,North-West,HT09,Jean Rabel,Jean Rabel,HT0934,79133,77617,156750,8220,8735,8620,8432,7418,5671,5878,5736,4557,4055,3162,2782,2131,1669,1025,505,537,8095,8871,8819,8625,8043,5699,6467,5605,4012,3364,2634,2318,1837,1426,902,478,422,16315,17606,17439,17057,15461,11370,12345,11341,8569,7419,5796,5100,3968,3095,1927,983,959
2024,HTI,Haiti,Haïti,HT,Nord-Ouest,North-West,HT09,La Tortue,La Tortue,HT0912,20178,19978,40156,2760,2303,2210,2044,2113,1482,1778,1176,972,799,594,567,462,364,252,163,139,2874,2706,2319,2260,1963,1555,1818,1394,757,592,419,375,302,266,198,96,84,5634,5009,4529,4304,4076,3037,3596,2570,1729,1391,1013,942,764,630,450,259,223
2024,HTI,Haiti,Haïti,HT,Nord-Ouest,North-West,HT09,Môle Saint Nicolas,Mole Saint Nicolas,HT0931,17841,18164,36005,2068,2119,1982,1872,1686,1395,1280,1143,953,815,678,512,414,415,275,93,141,2285,2047,2280,2094,1995,1354,1423,1284,814,663,469,382,376,277,191,76,154,4353,4166,4262,3966,3681,2749,2703,2427,1767,1478,1147,894,790,692,466,169,295
2024,HTI,Haiti,Haïti,HT,Nord-Ouest,North-West,HT09,Port-de-Paix,Port-de-Paix,HT0911,109914,101028,210942,11699,11190,11707,13019,12384,10166,9364,7926,5717,4361,3729,2623,2273,1465,1106,649,536,11627,11014,10981,12253,12127,9528,9206,7656,4753,3155,2513,1912,1595,1228,735,413,332,23326,22204,22688,25272,24511,19694,18570,15582,10470,7516,6242,4535,3868,2693,1841,1062,868
2024,HTI,Haiti,Haïti,HT,Nord-Ouest,North-West,HT09,Saint-Louis du Nord,Saint-Louis du Nord,HT0921,63040,57515,120555,7335,7020,6363,6199,5628,4946,4900,4431,3691,3153,2374,1997,1618,1378,868,636,503,7578,6829,6366,5974,5659,4885,4991,4272,2760,2082,1677,1191,1021,862,639,458,271,14913,13849,12729,12173,11287,9831,9891,8703,6451,5235,4051,3188,2639,2240,1507,1094,774
2024,HTI,Haiti,Haïti,HT,Ouest,West,HT01,Anse à Galets,Anse a Galets,HT0151,35086,35070,70156,3682,4393,3806,2743,2218,2020,2120,2508,2730,2542,1579,1375,1214,893,637,275,351,3835,4406,4467,3530,2645,2136,1749,2041,2121,2034,1529,1270,1220,914,598,268,307,7517,8799,8273,6273,4863,4156,3869,4549,4851,4576,3108,2645,2434,1807,1235,543,658
2024,HTI,Haiti,Haïti,HT,Ouest,West,HT01,Arcahaie,Arcahaie,HT0141,71001,71751,142752,7635,8631,6599,5577,4937,4346,4830,5683,5430,5022,3501,2666,2357,1685,1087,538,477,7861,8939,7900,6509,5348,4704,4490,5006,5118,4580,3350,2672,2187,1498,900,342,347,15496,17570,14499,12086,10285,9050,9320,10689,10548,9602,6851,5338,4544,3183,1987,880,824
2024,HTI,Haiti,Haïti,HT,Ouest,West,HT01,Cabaret,Cabaret,HT0142,32336,32966,65302,3088,3781,2806,2305,2407,1939,2288,2524,2641,2368,1786,1328,1201,975,486,238,175,3589,4178,3473,2978,2583,2153,2079,2231,2032,2137,1659,1341,1061,738,445,174,115,6677,7959,6279,5283,4990,4092,4367,4755,4673,4505,3445,2669,2262,1713,931,412,290
2024,HTI,Haiti,Haïti,HT,Ouest,West,HT01,Carrefour,Carrefour,HT0113,236853,223653,460506,15116,19035,19429,21984,24202,19414,21102,20532,21009,18501,13253,9154,6538,4236,2032,936,380,17525,20486,20122,22516,25176,20922,19390,17943,17444,14157,10552,7299,4782,3430,1289,521,99,32641,39521,39551,44500,49378,40336,40492,38475,38453,32658,23805,16453,11320,7666,3321,1457,479
2024,HTI,Haiti,Haïti,HT,Ouest,West,HT01,Cité Soleil,Cite Soleil,HT0117,144586,142853,287439,12341,13596,13837,14420,14862,12550,13042,11924,11029,9001,6158,4284,3053,2208,1174,636,471,13582,14523,14129,14498,15435,13349,12498,11694,10086,7991,5471,3910,2537,1672,787,390,301,25923,28119,27966,28918,30297,25899,25540,23618,21115,16992,11629,8194,5590,3880,1961,1026,772
2024,HTI,Haiti,Haïti,HT,Ouest,West,HT01,Cornillon / Grand Bois,Cornillon / Grand Bois,HT0134,32107,34078,66185,3784,4332,3162,2099,1598,1580,1885,2581,2298,2434,1728,1402,1314,904,527,263,216,3805,4733,3817,2765,1853,1579,1717,2299,2351,2387,2049,1472,1411,872,536,243,189,7589,9065,6979,4864,3451,3159,3602,4880,4649,4821,3777,2874,2725,1776,1063,506,405
2024,HTI,Haiti,Haïti,HT,Ouest,West,HT01,Croix-Des-Bouquets,Croix-Des-Bouquets,HT0131,65512,64367,129879,6186,6803,6239,5923,5521,4660,5095,5328,4964,4329,3087,2298,1965,1449,846,461,358,6433,7023,6932,6331,5569,4712,4615,4721,4441,3798,2898,2336,1928,1358,694,331,247,12619,13826,13171,12254,11090,9372,9710,10049,9405,8127,5985,4634,3893,2807,1540,792,605
2024,HTI,Haiti,Haïti,HT,Ouest,West,HT01,Delmas,Delmas,HT0112,226116,209663,435779,19539,21377,21830,22635,23152,19551,20265,18523,17128,13978,9572,6661,4788,3469,1859,1016,773,20108,21384,20884,21348,22559,19505,18245,17062,14720,11670,8005,5716,3744,2473,1183,592,465,39647,42761,42714,43983,45711,39056,38510,35585,31848,25648,17577,12377,8532,5942,3042,1608,1238
2024,HTI,Haiti,Haïti,HT,Ouest,West,HT01,Fonds-Verrettes,Fonds-Verrettes,HT0135,26868,27849,54717,3891,4068,2949,1908,1574,1366,1414,1952,1756,1914,1198,880,743,483,412,184,176,4065,4275,3483,2440,1841,1365,1292,1721,1715,1646,1298,834,772,442,320,176,164,7956,8343,6432,4348,3415,2731,2706,3673,3471,3560,2496,1714,1515,925,732,360,340
2024,HTI,Haiti,Haïti,HT,Ouest,West,HT01,Ganthier,Ganthier,HT0133,31871,33165,65036,2829,3482,2977,2685,2401,1998,2311,2688,2682,2352,1756,1142,1059,737,461,171,140,2987,3788,3478,3196,2536,2217,2178,2305,2435,2039,1922,1315,1349,770,379,153,118,5816,7270,6455,5881,4937,4215,4489,4993,5117,4391,3678,2457,2408,1507,840,324,258
2024,HTI,Haiti,Haïti,HT,Ouest,West,HT01,Grand-Goâve,Grand-Goave,HT0123,82956,74593,157549,6068,7967,8869,5002,5917,4611,3835,6907,5963,4692,5160,5218,4209,2470,3997,1696,375,6669,9368,8487,6350,3701,3133,2915,3106,4713,6464,3452,4088,3417,3161,3759,1317,493,12737,17335,17356,11352,9618,7744,6750,10013,10676,11156,8612,9306,7626,5631,7756,3013,868
2024,HTI,Haiti,Haïti,HT,Ouest,West,HT01,Gressier,Gressier,HT0116,1969,2018,3987,180,212,191,163,145,111,122,143,154,144,100,79,85,63,36,23,18,203,220,213,192,162,116,118,127,127,125,112,85,86,67,35,15,15,383,432,404,355,307,227,240,270,281,269,212,164,171,130,71,38,33
2024,HTI,Haiti,Haïti,HT,Ouest,West,HT01,Kenscoff,Kenscoff,HT0115,31283,31723,63006,3213,3315,2749,2295,2177,2073,2333,2689,2392,2406,1590,1415,1018,785,408,237,188,3028,3477,3210,2938,2281,2093,2214,2342,2331,2182,1724,1292,1007,837,387,190,190,6241,6792,5959,5233,4458,4166,4547,5031,4723,4588,3314,2707,2025,1622,795,427,378
2024,HTI,Haiti,Haïti,HT,Ouest,West,HT01,Léogâne,Leogane,HT0121,118384,115230,233614,10557,12040,11701,10074,8290,6885,7730,8261,8933,8814,6546,5727,4448,3554,2294,1372,1158,10999,12533,13739,11538,8905,7149,6721,7071,7201,7169,5811,4938,4317,3364,1927,1001,847,21556,24573,25440,21612,17195,14034,14451,15332,16134,15983,12357,10665,8765,6918,4221,2373,2005
2024,HTI,Haiti,Haïti,HT,Ouest,West,HT01,Petit-Goâve,Petit-Goave,HT0122,96772,98095,194867,9164,10531,9163,7073,5889,4991,5874,7085,7482,7838,5632,4832,3902,3463,1936,1038,879,9334,10981,11115,9170,6586,5095,5304,6454,6324,6997,5815,4708,3976,3056,1714,808,658,18498,21512,20278,16243,12475,10086,11178,13539,13806,14835,11447,9540,7878,6519,3650,1846,1537
2024,HTI,Haiti,Haïti,HT,Ouest,West,HT01,Pointe à Raquette,Pointe a Raquette,HT0152,12928,13890,26818,1334,1803,1331,776,647,563,621,956,1066,1125,687,616,538,344,256,124,141,1430,1758,1783,1221,760,647,655,789,980,963,760,773,517,373,249,101,131,2764,3561,3114,1997,1407,1210,1276,1745,2046,2088,1447,1389,1055,717,505,225,272
2024,HTI,Haiti,Haïti,HT,Ouest,West,HT01,Port-au-Prince,Port-au-Prince,HT0111,483924,442982,926906,27489,35684,37658,44726,51668,42576,44960,42513,42177,36435,26948,19533,13769,9882,4394,2299,1213,31570,36955,38046,45053,54764,47523,42000,36316,33822,26359,19257,13147,8370,5940,2299,1182,379,59059,72639,75704,89779,106432,90099,86960,78829,75999,62794,46205,32680,22139,15822,6693,3481,1592
2024,HTI,Haiti,Haïti,HT,Ouest,West,HT01,Pétion-Ville,Petion-Ville,HT0114,200355,194540,394895,15886,17612,16717,17442,19331,16917,18013,17293,16566,14597,10282,7157,4954,3830,1903,1152,703,16653,17841,17180,18187,19532,17408,16815,15675,14979,12899,9552,6769,4910,3316,1520,827,477,32539,35453,33897,35629,38863,34325,34828,32968,31545,27496,19834,13926,9864,7146,3423,1979,1180
2024,HTI,Haiti,Haïti,HT,Ouest,West,HT01,Tabarre,Tabarre,HT0118,73747,67946,141693,6307,6940,7070,7360,7574,6397,6642,6073,5617,4587,3139,2185,1556,1130,600,327,243,6468,6911,6726,6898,7336,6344,5939,5555,4794,3801,2601,1860,1208,796,376,188,145,12775,13851,13796,14258,14910,12741,12581,11628,10411,8388,5740,4045,2764,1926,976,515,388
2024,HTI,Haiti,Haïti,HT,Ouest,West,HT01,Thomazeau,Thomazeau,HT0132,26400,28353,54753,2482,3007,2371,1861,1695,1595,1852,2351,2018,1843,1572,1346,994,701,398,164,150,2736,3328,2917,2518,1893,1814,1659,2098,2012,1959,1553,1358,1166,666,399,163,114,5218,6335,5288,4379,3588,3409,3511,4449,4030,3802,3125,2704,2160,1367,797,327,264
2024,HTI,Haiti,Haïti,HT,Sud,South,HT07,Aquin,Aquin,HT0731,63164,60555,123719,7532,6786,6215,6151,6179,6173,5322,4338,2979,2194,1768,1696,1602,1686,1118,756,669,7317,6733,6150,5970,6007,6032,5884,4669,2844,1902,1335,1161,1224,1202,874,725,526,14849,13519,12365,12121,12186,12205,11206,9007,5823,4096,3103,2857,2826,2888,1992,1481,1195
2024,HTI,Haiti,Haïti,HT,Sud,South,HT07,Arniquet,Arniquet,HT0723,17531,18307,35838,2244,1990,1939,1784,1480,1289,1216,1023,788,687,719,620,532,536,315,196,173,2299,2135,2079,2109,1616,1394,1182,1254,875,622,561,483,503,440,354,252,149,4543,4125,4018,3893,3096,2683,2398,2277,1663,1309,1280,1103,1035,976,669,448,322
2024,HTI,Haiti,Haïti,HT,Sud,South,HT07,Camp-Perrin,Camp-Perrin,HT0714,25483,26067,51550,2922,2878,2675,2634,2323,2158,2044,1717,1305,1084,849,723,709,622,385,270,185,2913,2789,2606,2800,2506,2337,2364,2028,1363,1071,754,639,559,524,397,269,148,5835,5667,5281,5434,4829,4495,4408,3745,2668,2155,1603,1362,1268,1146,782,539,333
2024,HTI,Haiti,Haïti,HT,Sud,South,HT07,Cavaillon,Cavaillon,HT0733,31888,31509,63397,3985,3578,3454,3041,2577,2424,2211,2350,1656,1361,1019,974,1038,868,625,374,353,3925,3598,3478,3159,2572,2336,2404,2319,1591,1346,911,793,904,877,627,376,293,7910,7176,6932,6200,5149,4760,4615,4669,3247,2707,1930,1767,1942,1745,1252,750,646
2024,HTI,Haiti,Haïti,HT,Sud,South,HT07,Chantal,Chantal,HT0713,20633,20604,41237,2740,2390,2245,2050,1567,1520,1502,1581,1131,861,697,560,599,439,370,190,191,2730,2364,2325,2110,1699,1412,1617,1664,1161,833,661,450,511,439,281,207,140,5470,4754,4570,4160,3266,2932,3119,3245,2292,1694,1358,1010,1110,878,651,397,331
2024,HTI,Haiti,Haïti,HT,Sud,South,HT07,Chardonnières,Chardonnieres,HT0751,16227,16608,32835,2455,2056,1974,1579,1233,1239,1111,995,798,667,486,393,377,306,287,146,125,2497,2208,1935,1770,1329,1212,1268,1038,842,636,445,357,338,270,231,123,109,4952,4264,3909,3349,2562,2451,2379,2033,1640,1303,931,750,715,576,518,269,234
2024,HTI,Haiti,Haïti,HT,Sud,South,HT07,Côteaux,Coteaux,HT0741,12753,12642,25395,1628,1552,1384,1304,965,859,931,911,627,594,421,356,355,334,225,164,143,1577,1590,1460,1426,1159,885,967,899,652,510,371,262,258,220,212,100,94,3205,3142,2844,2730,2124,1744,1898,1810,1279,1104,792,618,613,554,437,264,237
2024,HTI,Haiti,Haïti,HT,Sud,South,HT07,Les Anglais,Les Anglais,HT0752,19869,19708,39577,2912,2648,2325,1939,1685,1591,1339,1258,945,774,522,449,444,395,308,178,157,2992,2561,2253,1989,1586,1401,1454,1495,1008,745,476,444,378,341,283,176,126,5904,5209,4578,3928,3271,2992,2793,2753,1953,1519,998,893,822,736,591,354,283
2024,HTI,Haiti,Haïti,HT,Sud,South,HT07,Les Cayes,Les Cayes,HT0711,108905,98534,207439,12467,10566,11702,12322,12192,11236,9456,6843,4883,3752,2945,2432,2607,2090,1536,971,905,11751,9844,10181,10693,10806,10262,9783,7535,4614,2995,2282,1739,1866,1585,1219,745,634,24218,20410,21883,23015,22998,21498,19239,14378,9497,6747,5227,4171,4473,3675,2755,1716,1539
2024,HTI,Haiti,Haïti,HT,Sud,South,HT07,Maniche,Maniche,HT0715,13596,13911,27507,1771,1580,1424,1158,968,816,1013,1017,610,578,553,490,511,450,282,209,166,1791,1669,1747,1465,1017,833,1118,844,651,549,459,410,420,368,275,152,143,3562,3249,3171,2623,1985,1649,2131,1861,1261,1127,1012,900,931,818,557,361,309
2024,HTI,Haiti,Haïti,HT,Sud,South,HT07,Port-Salut,Port-Salut,HT0721,12680,12751,25431,1746,1467,1410,1321,1104,929,855,772,623,502,398,336,407,271,242,166,131,1705,1515,1419,1359,1144,921,959,921,598,474,363,320,326,254,227,150,96,3451,2982,2829,2680,2248,1850,1814,1693,1221,976,761,656,733,525,469,316,227
2024,HTI,Haiti,Haïti,HT,Sud,South,HT07,Port-à-Piment,Port-a-Piment,HT0742,13811,12836,26647,1991,1843,1637,1441,974,916,863,816,682,561,424,382,353,309,290,163,166,1882,1644,1724,1443,1015,829,820,797,576,491,354,297,288,231,213,128,104,3873,3487,3361,2884,1989,1745,1683,1613,1258,1052,778,679,641,540,503,291,270
2024,HTI,Haiti,Haïti,HT,Sud,South,HT07,Roche à Bâteau,Roche a Bateau,HT0743,14577,13758,28335,2230,1781,1887,1564,1103,790,900,860,672,568,435,374,433,370,249,171,190,1996,1841,1863,1515,1079,816,823,780,693,435,403,298,393,275,244,166,138,4226,3622,3750,3079,2182,1606,1723,1640,1365,1003,838,672,826,645,493,337,328
2024,HTI,Haiti,Haïti,HT,Sud,South,HT07,Saint Jean du Sud,Saint Jean du Sud,HT0722,17447,17915,35362,2397,2012,1997,1894,1422,1216,1177,1071,910,684,570,419,539,415,311,219,194,2269,2162,2152,1967,1650,1307,1220,1245,838,624,519,445,458,401,290,216,152,4666,4174,4149,3861,3072,2523,2397,2316,1748,1308,1089,864,997,816,601,435,346
2024,HTI,Haiti,Haïti,HT,Sud,South,HT07,Saint Louis du Sud,Saint Louis du Sud,HT0732,41148,39147,80295,5505,4872,4087,4083,4334,4092,3246,2740,1830,1411,1072,844,934,846,577,361,314,5684,5025,4162,3888,3614,3391,3420,2823,1731,1295,869,793,710,654,546,314,228,11189,9897,8249,7971,7948,7483,6666,5563,3561,2706,1941,1637,1644,1500,1123,675,542
2024,HTI,Haiti,Haïti,HT,Sud,South,HT07,Tiburon,Tiburon,HT0753,14201,14273,28474,1978,1766,1503,1336,1131,1199,1063,1053,798,575,374,338,362,294,207,114,110,1958,1889,1635,1316,1086,1080,1088,1238,762,599,415,298,307,211,186,122,83,3936,3655,3138,2652,2217,2279,2151,2291,1560,1174,789,636,669,505,393,236,193
2024,HTI,Haiti,Haïti,HT,Sud,South,HT07,Torbeck,Torbeck,HT0712,46969,46858,93827,6013,5315,4931,4765,4221,3644,3682,3251,2370,1814,1493,1264,1319,1218,740,489,440,5882,5171,5191,4907,4480,4109,3819,3485,2415,1662,1187,1029,1083,999,669,425,345,11895,10486,10122,9672,8701,7753,7501,6736,4785,3476,2680,2293,2402,2217,1409,914,785
2024,HTI,Haiti,Haïti,HT,Sud,South,HT07,Île à Vache,Ile a Vache,HT0716,8461,9030,17491,1213,1081,964,774,681,781,699,641,408,279,163,183,199,141,136,52,66,1224,1207,1033,849,781,754,856,694,397,353,185,165,140,196,104,45,47,2437,2288,1997,1623,1462,1535,1555,1335,805,632,348,348,339,337,240,97,113
2024,HTI,Haiti,Haïti,HT,Sud-Est,South-East,HT02,Anse-à-Pître,Anse-a-Pitre,HT0234,21791,21668,43459,3378,2746,2442,2059,1897,1731,1667,1528,1034,757,556,435,451,443,322,167,178,3366,2666,2338,2098,1909,1768,1962,1756,1113,690,415,387,390,301,245,137,127,6744,5412,4780,4157,3806,3499,3629,3284,2147,1447,971,822,841,744,567,304,305
2024,HTI,Haiti,Haïti,HT,Sud-Est,South-East,HT02,Bainet,Bainet,HT0221,56632,56402,113034,7276,6742,6448,5532,4687,4177,3766,3127,2889,2061,2140,1871,1813,1742,1050,675,636,7401,6896,6601,6162,4761,4212,4066,3493,2460,1820,1732,1579,1601,1469,1024,648,477,14677,13638,13049,11694,9448,8389,7832,6620,5349,3881,3872,3450,3414,3211,2074,1323,1113
2024,HTI,Haiti,Haïti,HT,Sud-Est,South-East,HT02,Belle Anse,Belle Anse,HT0231,49350,46431,95781,7483,6495,5453,4751,4050,3939,3982,3667,2181,1660,1211,1232,1080,919,604,300,343,7400,6502,5389,4593,3375,3415,3803,3888,2098,1469,995,815,855,697,575,295,267,14883,12997,10842,9344,7425,7354,7785,7555,4279,3129,2206,2047,1935,1616,1179,595,610
2024,HTI,Haiti,Haïti,HT,Sud-Est,South-East,HT02,Cayes-Jacmel,Cayes-Jacmel,HT0213,25941,23904,49845,3300,3094,2834,2930,2143,1998,1996,1675,1226,864,805,701,799,616,459,235,266,3383,2988,2880,2769,2214,1566,1822,1737,1071,651,618,509,554,423,333,236,150,6683,6082,5714,5699,4357,3564,3818,3412,2297,1515,1423,1210,1353,1039,792,471,416
2024,HTI,Haiti,Haïti,HT,Sud-Est,South-East,HT02,Côtes de Fer,Cotes de Fer,HT0222,30292,33078,63370,3907,3702,3425,3033,2478,2250,2045,1727,1359,1108,1107,1072,982,889,557,353,298,3855,4016,3729,3355,3207,2727,2739,2471,1604,975,864,708,895,869,553,290,221,7762,7718,7154,6388,5685,4977,4784,4198,2963,2083,1971,1780,1877,1758,1110,643,519
2024,HTI,Haiti,Haïti,HT,Sud-Est,South-East,HT02,Grand Gosier,Grand Gosier,HT0232,13023,12393,25416,1932,1648,1499,1291,1080,975,941,843,559,478,366,372,359,236,192,113,139,1871,1544,1535,1343,1016,859,907,932,517,437,286,293,306,203,147,121,76,3803,3192,3034,2634,2096,1834,1848,1775,1076,915,652,665,665,439,339,234,215
2024,HTI,Haiti,Haïti,HT,Sud-Est,South-East,HT02,Jacmel,Jacmel,HT0211,131569,126530,258099,15187,13457,14241,14439,13649,11934,10579,8803,5949,4598,4032,3522,3601,2965,2080,1313,1220,14451,13321,13643,14044,13301,12145,11760,9389,5710,3722,3065,2721,2856,2605,1793,1111,893,29638,26778,27884,28483,26950,24079,22339,18192,11659,8320,7097,6243,6457,5570,3873,2424,2113
2024,HTI,Haiti,Haïti,HT,Sud-Est,South-East,HT02,La Vallée,La Vallee,HT0214,22944,24428,47372,2991,2794,2666,2465,1744,1557,1682,1409,1068,861,797,679,665,615,409,299,243,3021,2854,2830,2540,2363,1783,1990,1761,1076,829,724,646,654,568,367,244,178,6012,5648,5496,5005,4107,3340,3672,3170,2144,1690,1521,1325,1319,1183,776,543,421
2024,HTI,Haiti,Haïti,HT,Sud-Est,South-East,HT02,Marigot,Marigot,HT0212,49040,43829,92869,6078,5723,5090,4954,4539,3983,3803,3715,2216,1769,1476,1312,1532,1163,780,445,462,6109,5688,5107,4703,3821,3494,3649,3204,2073,1299,986,831,932,720,594,335,284,12187,11411,10197,9657,8360,7477,7452,6919,4289,3068,2462,2143,2464,1883,1374,780,746
2024,HTI,Haiti,Haïti,HT,Sud-Est,South-East,HT02,Thiotte,Thiotte,HT0233,23346,22832,46178,3557,2781,2475,2529,2277,1916,1623,1581,947,813,614,555,584,476,280,182,156,3427,2747,2545,2574,2225,1909,1739,1810,950,681,483,409,395,383,245,192,118,6984,5528,5020,5103,4502,3825,3362,3391,1897,1494,1097,964,979,859,525,374,274
